-- phpMyAdmin SQL Dump
-- version 5.2.0
-- https://www.phpmyadmin.net/
--
-- Hôte : localhost
-- Généré le : mar. 01 nov. 2022 à 19:20
-- Version du serveur : 10.4.24-MariaDB
-- Version de PHP : 8.1.6

SET SQL_MODE = "NO_AUTO_VALUE_ON_ZERO";
START TRANSACTION;
SET time_zone = "+00:00";


/*!40101 SET @OLD_CHARACTER_SET_CLIENT=@@CHARACTER_SET_CLIENT */;
/*!40101 SET @OLD_CHARACTER_SET_RESULTS=@@CHARACTER_SET_RESULTS */;
/*!40101 SET @OLD_COLLATION_CONNECTION=@@COLLATION_CONNECTION */;
/*!40101 SET NAMES utf8mb4 */;

--
-- Base de données : `gsbParam`
--

-- --------------------------------------------------------

--
-- Structure de la table `administrateur`
--

CREATE TABLE `administrateur` (
  `id` int(11) NOT NULL,
  `nom` char(32) CHARACTER SET latin1 COLLATE latin1_bin NOT NULL,
  `mdp` char(100) CHARACTER SET latin1 COLLATE latin1_bin NOT NULL
) ENGINE=InnoDB DEFAULT CHARSET=utf8 COLLATE=utf8_bin;

--
-- Déchargement des données de la table `administrateur`
--

INSERT INTO `administrateur` (`id`, `nom`, `mdp`) VALUES
(1, 'LeBoss', '$2y$10$aal8QxnYgVjTEH0Znr8yvuLsJ2i6cJVSFZiakTFINAKUZqjm7fQPq'),
(2, 'LeChefProjet', '$2y$10$j2gPIoH7tJxWGq3WZq0jV.tb4dLViAsGv.tHe0H8tETIdQWQ1pK.y');

-- --------------------------------------------------------

--
-- Structure de la table `categorie`
--

CREATE TABLE `categorie` (
  `id` char(32) CHARACTER SET latin1 COLLATE latin1_bin NOT NULL,
  `libelle` char(32) CHARACTER SET latin1 COLLATE latin1_bin DEFAULT NULL
) ENGINE=InnoDB DEFAULT CHARSET=utf8 COLLATE=utf8_bin;

--
-- Déchargement des données de la table `categorie`
--

INSERT INTO `categorie` (`id`, `libelle`) VALUES
('CH', 'Cheveux'),
('FO', 'Forme'),
('PS', 'Protection Solaire');

-- --------------------------------------------------------

--
-- Structure de la table `commande`
--

CREATE TABLE `commande` (
  `id` int(11) NOT NULL,
  `idClient` int(11) NOT NULL,
  `dateCommande` date DEFAULT NULL
) ENGINE=InnoDB DEFAULT CHARSET=utf8 COLLATE=utf8_bin;

--
-- Déchargement des données de la table `commande`
--

INSERT INTO `commande` (`id`, `idClient`, `dateCommande`) VALUES
(1101461660, 0, '2011-07-12'),
(1101461661, 1, '2022-11-01');

-- --------------------------------------------------------

--
-- Structure de la table `contenir`
--

CREATE TABLE `contenir` (
  `idCommande` int(11) NOT NULL,
  `idProduit` char(32) CHARACTER SET latin1 COLLATE latin1_bin NOT NULL,
  `quantite` int(11) NOT NULL DEFAULT 1
) ENGINE=InnoDB DEFAULT CHARSET=utf8 COLLATE=utf8_bin;

--
-- Déchargement des données de la table `contenir`
--

INSERT INTO `contenir` (`idCommande`, `idProduit`, `quantite`) VALUES
(1101461660, 'f03', 1),
(1101461661, 'c03', 3),
(1101461661, 'c04', 5);

-- --------------------------------------------------------

--
-- Structure de la table `produit`
--

CREATE TABLE `produit` (
  `id` char(32) CHARACTER SET latin1 COLLATE latin1_bin NOT NULL,
  `description` char(50) CHARACTER SET latin1 COLLATE latin1_bin DEFAULT NULL,
  `prix` decimal(10,2) DEFAULT NULL,
  `image` char(100) CHARACTER SET latin1 COLLATE latin1_bin DEFAULT NULL,
  `idCategorie` char(32) CHARACTER SET latin1 COLLATE latin1_bin NOT NULL
) ENGINE=InnoDB DEFAULT CHARSET=utf8 COLLATE=utf8_bin;

--
-- Déchargement des données de la table `produit`
--

INSERT INTO `produit` (`id`, `description`, `prix`, `image`, `idCategorie`) VALUES
('c01', 'Laino Shampooing Douche au Thé Vert BIO', '4.00', 'images/laino-shampooing-douche-au-the-vert-bio-200ml.png', 'CH'),
('c02', 'Klorane fibres de lin baume après shampooing', '10.80', 'images/klorane-fibres-de-lin-baume-apres-shampooing-150-ml.jpg', 'CH'),
('c03', 'Weleda Kids 2in1 Shower & Shampoo Orange fruitée', '4.00', 'images/weleda-kids-2in1-shower-shampoo-orange-fruitee-150-ml.jpg', 'CH'),
('c04', 'Weleda Kids 2in1 Shower & Shampoo vanille douce', '4.00', 'images/weleda-kids-2in1-shower-shampoo-vanille-douce-150-ml.jpg', 'CH'),
('c05', 'Klorane Shampooing sec à l\'extrait d\'ortie', '6.10', 'images/klorane-shampooing-sec-a-l-extrait-d-ortie-spray-150ml.png', 'CH'),
('c06', 'Phytopulp mousse volume intense', '18.00', 'images/phytopulp-mousse-volume-intense-200ml.jpg', 'CH'),
('c07', 'Bio Beaute by Nuxe Shampooing nutritif', '8.00', 'images/bio-beaute-by-nuxe-shampooing-nutritif-200ml.png', 'CH'),
('f01', 'Nuxe Men Contour des Yeux Multi-Fonctions', '12.05', 'images/nuxe-men-contour-des-yeux-multi-fonctions-15ml.png', 'FO'),
('f02', 'Tisane romon nature sommirel bio sachet 20', '5.50', 'images/tisane-romon-nature-sommirel-bio-sachet-20.jpg', 'FO'),
('f03', 'La Roche Posay Cicaplast crème pansement', '11.00', 'images/la-roche-posay-cicaplast-creme-pansement-40ml.jpg', 'FO'),
('f04', 'Futuro sport stabilisateur pour cheville', '26.50', 'images/futuro-sport-stabilisateur-pour-cheville-deluxe-attelle-cheville.png', 'FO'),
('f05', 'Microlife pèse-personne électronique weegschaal', '63.00', 'images/microlife-pese-personne-electronique-weegschaal-ws80.jpg', 'FO'),
('f06', 'Melapi Miel Thym Liquide 500g', '6.50', 'images/melapi-miel-thym-liquide-500g.jpg', 'FO'),
('f07', 'Meli Meliflor Pollen 200g', '8.60', 'images/melapi-pollen-250g.jpg', 'FO'),
('p01', 'Avène solaire Spray très haute protection', '22.00', 'images/avene-solaire-spray-tres-haute-protection-spf50200ml.png', 'PS'),
('p02', 'Mustela Solaire Lait très haute Protection', '17.50', 'images/mustela-solaire-lait-tres-haute-protection-spf50-100ml.jpg', 'PS'),
('p03', 'Isdin Eryfotona aAK fluid', '29.00', 'images/isdin-eryfotona-aak-fluid-100-50ml.jpg', 'PS'),
('p04', 'La Roche Posay Anthélios 50+ Brume Visage', '8.75', 'images/la-roche-posay-anthelios-50-brume-visage-toucher-sec-75ml.png', 'PS'),
('p05', 'Nuxe Sun Huile Lactée Capillaire Protectrice', '15.00', 'images/nuxe-sun-huile-lactee-capillaire-protectrice-100ml.png', 'PS'),
('p06', 'Uriage Bariésun stick lèvres SPF30 4g', '5.65', 'images/uriage-bariesun-stick-levres-spf30-4g.jpg', 'PS'),
('p07', 'Bioderma Cicabio creme SPF50+ 30ml', '13.70', 'images/bioderma-cicabio-creme-spf50-30ml.png', 'PS');

-- --------------------------------------------------------

--
-- Structure de la table `utilisateur`
--

CREATE TABLE `utilisateur` (
  `id` int(11) NOT NULL,
  `mail` varchar(100) CHARACTER SET utf16 NOT NULL,
  `mdp` varchar(255) CHARACTER SET utf16 NOT NULL,
  `nom` varchar(32) CHARACTER SET utf16 NOT NULL,
  `prenom` varchar(32) CHARACTER SET utf16 NOT NULL,
  `telephone` varchar(20) CHARACTER SET utf16 NOT NULL,
  `adresse` varchar(100) CHARACTER SET utf16 NOT NULL,
  `cp` varchar(10) CHARACTER SET utf16 NOT NULL,
  `ville` varchar(32) CHARACTER SET utf16 NOT NULL
) ENGINE=InnoDB DEFAULT CHARSET=utf8 COLLATE=utf8_bin;

--
-- Déchargement des données de la table `utilisateur`
--

INSERT INTO `utilisateur` (`id`, `mail`, `mdp`, `nom`, `prenom`, `telephone`, `adresse`, `cp`, `ville`) VALUES
(1, 'bernard@mail.com', '$2y$10$Y.7QmhwW78WkRgqwvrRrsuoym9NEDZMmEyzxShhXKD0k98yChoXNe', 'Bernard', 'Fortran', '0601324576', '152 Rue de la paix', '45160', 'Orléans');

--
-- Index pour les tables déchargées
--

--
-- Index pour la table `administrateur`
--
ALTER TABLE `administrateur`
  ADD PRIMARY KEY (`id`);

--
-- Index pour la table `categorie`
--
ALTER TABLE `categorie`
  ADD PRIMARY KEY (`id`);

--
-- Index pour la table `commande`
--
ALTER TABLE `commande`
  ADD PRIMARY KEY (`id`);

--
-- Index pour la table `contenir`
--
ALTER TABLE `contenir`
  ADD PRIMARY KEY (`idCommande`,`idProduit`),
  ADD KEY `I_FK_CONTENIR_COMMANDE` (`idCommande`),
  ADD KEY `I_FK_CONTENIR_Produit` (`idProduit`);

--
-- Index pour la table `produit`
--
ALTER TABLE `produit`
  ADD PRIMARY KEY (`id`),
  ADD KEY `I_FK_Produit_CATEGORIE` (`idCategorie`);

--
-- Index pour la table `utilisateur`
--
ALTER TABLE `utilisateur`
  ADD PRIMARY KEY (`id`);

--
-- AUTO_INCREMENT pour les tables déchargées
--

--
-- AUTO_INCREMENT pour la table `administrateur`
--
ALTER TABLE `administrateur`
  MODIFY `id` int(11) NOT NULL AUTO_INCREMENT, AUTO_INCREMENT=5;

--
-- AUTO_INCREMENT pour la table `utilisateur`
--
ALTER TABLE `utilisateur`
  MODIFY `id` int(11) NOT NULL AUTO_INCREMENT, AUTO_INCREMENT=122;
COMMIT;

/*!40101 SET CHARACTER_SET_CLIENT=@OLD_CHARACTER_SET_CLIENT */;
/*!40101 SET CHARACTER_SET_RESULTS=@OLD_CHARACTER_SET_RESULTS */;
/*!40101 SET COLLATION_CONNECTION=@OLD_COLLATION_CONNECTION */;
